id,title,assignee,inventor/author,priority date,filing/creation date,publication date,grant date,result link,representative figure link
KR-100372214-B1,Real-time optical correlation system ,텍사스 인스트루먼츠 인코포레이티드,"제프리비.샘셀, 레이첼제이.바이언스톡",1992-08-31,1993-08-30,2003-08-06,2003-08-06,https://patents.google.com/patent/KR100372214B1/en,https://patentimages.storage.googleapis.com/KR100372214B1/pat00003.png
US-3604778-A,Fourier transform recording with random phase shifting ,Bell Telephone Labor Inc,Christoph B Burckhardt,1969-10-22,1969-10-22,1971-09-14,1971-09-14,https://patents.google.com/patent/US3604778A/en,https://patentimages.storage.googleapis.com/3b/b6/a7/8c848a21bb50ed/US3604778-drawings-page-2.png
EP-0570224-B1,Semiconductor device ,Seiko Instruments Inc.,"Tadao C/O Seiko Instruments Inc. Iwaki, Tsuneo C/O Seiko Instruments Inc. Yamazaki, Katsuki c/o Seiko Instruments Inc. Matsushita, Shigeru C/O Seiko Instruments Inc. Senbonmatsu, Ryuichi c/o Seiko Instruments Inc. Takano",1992-05-14,1993-05-13,2008-12-31,2008-12-31,https://patents.google.com/patent/EP0570224B1/en,https://patentimages.storage.googleapis.com/bb/ab/25/5102b556ff39fd/imgf0001.png
US-7834999-B2,Optical analysis system and optical train ,University Of South Carolina,"Michael L. Myrick, Jonathan H. James, John C. Blackburn, Robert P. Freese",2005-11-28,2006-11-27,2010-11-16,2010-11-16,https://patents.google.com/patent/US7834999B2/en,https://patentimages.storage.googleapis.com/b3/84/15/4cb8808cf04624/US07834999-20101116-D00000.png
US-4859012-A,Optical interconnection networks ,Texas Instruments Incorporated,Robert W. Cohn,1987-08-14,1987-08-14,1989-08-22,1989-08-22,https://patents.google.com/patent/US4859012A/en,https://patentimages.storage.googleapis.com/f0/ee/80/244a688031e32c/US4859012-drawings-page-2.png
US-5905571-A,Optical apparatus for forming correlation spectrometers and optical processors ,Sandia Corporation,"Michael A. Butler, Antonio J. Ricco, Michael B. Sinclair, Stephen D. Senturia",1995-08-30,1995-08-30,1999-05-18,1999-05-18,https://patents.google.com/patent/US5905571A/en,https://patentimages.storage.googleapis.com/35/ff/58/4c83e1f6657940/US5905571-drawings-page-3.png
US-5136669-A,Variable ratio fiber optic coupler optical signal processing element ,Sperry Marine Inc.,David W. Gerdt,1991-03-15,1991-03-15,1992-08-04,1992-08-04,https://patents.google.com/patent/US5136669A/en,https://patentimages.storage.googleapis.com/f5/b6/c6/51dc99bc1d3efb/US5136669-drawings-page-2.png
US-6910060-B2,Spatio-temporal filter and method ,Computational Sensor Corp.,"John D. Langan, Jeffrey S. Scott, Peter Stobbe",2001-05-21,2002-05-21,2005-06-21,2005-06-21,https://patents.google.com/patent/US6910060B2/en,https://patentimages.storage.googleapis.com/6d/dc/c2/9c347a5a3a4e89/US06910060-20050621-D00000.png
US-5296950-A,Optical signal free-space conversion board ,Texas Instruments Incorporated,"Tsen-Hwang Lin, Falvey Malarcher, Jeffrey B. Sampsell",1992-01-31,1992-01-31,1994-03-22,1994-03-22,https://patents.google.com/patent/US5296950A/en,https://patentimages.storage.googleapis.com/45/eb/82/801fa3c9b275e2/US5296950-drawings-page-2.png
US-3370268-A,Method of processing geological and geophysical data ,"United Geophysical Corp, Conductron Corp","Milton B Dobrin, Arthur L Ingalls",1964-06-24,1964-06-24,1968-02-20,1968-02-20,https://patents.google.com/patent/US3370268A/en,https://patentimages.storage.googleapis.com/88/f5/39/4d4d20c57542cb/US3370268-drawings-page-1.png
US-4811210-A,A plurality of optical crossbar switches and exchange switches for parallel processor computer ,Texas Instruments Incorporated,Alastair D. McAulay,1985-11-27,1986-08-29,1989-03-07,1989-03-07,https://patents.google.com/patent/US4811210A/en,https://patentimages.storage.googleapis.com/9e/6a/f2/e8ef786968878f/US4811210-drawings-page-2.png
US-6239909-B1,Image-forming method and image-forming apparatus ,Olympus Optical Co. Ltd.,"Shinichi Hayashi, Yasuhiro Kamihara",1997-12-25,1998-12-23,2001-05-29,2001-05-29,https://patents.google.com/patent/US6239909B1/en,https://patentimages.storage.googleapis.com/b5/7c/6c/89b6fc86fc5b02/US6239909-drawings-page-2.png
US-5666376-A,Electro-optical device ,University Of New Mexico,Julian Cheng,1991-11-08,1996-05-09,1997-09-09,1997-09-09,https://patents.google.com/patent/US5666376A/en,https://patentimages.storage.googleapis.com/c4/3b/3a/579ac951ed8def/US5666376-drawings-page-2.png
US-5339090-A,Spatial light modulators ,Northern Telecom Limited,"William A. Crossland, David Vass, Neil Collings",1989-06-23,1992-09-10,1994-08-16,1994-08-16,https://patents.google.com/patent/US5339090A/en,https://patentimages.storage.googleapis.com/48/9b/01/292a669342d283/US5339090-drawings-page-2.png
US-6744909-B1,Authentication system and method ,Physical Optics Corporation,"Andrew A. Kostrzewski, Gajendra D. Savant, Tomasz P. Jannson, Joanna L. Jannson",1999-08-19,1999-08-19,2004-06-01,2004-06-01,https://patents.google.com/patent/US6744909B1/en,https://patentimages.storage.googleapis.com/91/4f/b3/2733f0aadd1708/US6744909-drawings-page-3.png
US-6166853-A,Method and apparatus for three-dimensional deconvolution of optical microscope images ,The University Of Connecticut,"Mark A. Sapia, James C. Schaff, Ian R. Greenshields, Leslie M. Loew, Frank R. Morgan",1997-01-09,1997-01-09,2000-12-26,2000-12-26,https://patents.google.com/patent/US6166853A/en,https://patentimages.storage.googleapis.com/05/e8/5b/ad5cde444e5cb8/US6166853-drawings-page-2.png
US-7970279-B2,N-way serial-channel interconnect ,Lightfleet Corporation,William Benjamin Dress,2002-11-05,2007-04-25,2011-06-28,2011-06-28,https://patents.google.com/patent/US7970279B2/en,https://patentimages.storage.googleapis.com/a8/24/a8/808e5f1d4db9da/US07970279-20110628-D00000.png
US-4225938-A,Time-integrating acousto-optical processors ,The United States Of America As Represented By The Director Of The National Security Agency,Terry M. Turpin,1978-12-05,1978-12-05,1980-09-30,1980-09-30,https://patents.google.com/patent/US4225938A/en,https://patentimages.storage.googleapis.com/d8/a7/1e/95f9e021748c29/US4225938-drawings-page-2.png
US-4832447-A,Joint transform image correlation using a nonlinear spatial light modulator at the fourier plane ,Board Of Trustees Operating Michigan State University,Bahram Javidi,1987-12-04,1987-12-04,1989-05-23,1989-05-23,https://patents.google.com/patent/US4832447A/en,https://patentimages.storage.googleapis.com/f9/72/e2/eeceb3b0bd372c/US4832447-drawings-page-2.png
US-8879053-B2,Devices having an integrated computational element and a proximal interferent monitor and methods for determining a characteristic of a sample therewith ,"Halliburton Energy Services, Inc.","Robert Freese, Christopher Michael Jones, David Perkins, Michael Simcock, William Soltmann",2012-04-26,2012-04-26,2014-11-04,2014-11-04,https://patents.google.com/patent/US8879053B2/en,https://patentimages.storage.googleapis.com/a0/98/6f/1a35afc8d1052f/US08879053-20141104-D00000.png
EP-0457974-B1,An optical interconnection arrangement ,AT&amp;T Corp.,"Rodney Clifford Alferness, Zigmantas Leonas Budrikis, D.W. Hagelbarger, H.W. Kogelnik, A.N. Netravali",1989-05-12,1990-05-02,1995-11-08,1995-11-08,https://patents.google.com/patent/EP0457974B1/en,https://patentimages.storage.googleapis.com/22/28/51/57e61e4d4d46be/imgf0001.png
US-2936380-A,Light valve logic circuits ,Bell Telephone Labor Inc,John R Anderson,1955-12-07,1955-12-07,1960-05-10,1960-05-10,https://patents.google.com/patent/US2936380A/en,https://patentimages.storage.googleapis.com/b6/51/2d/c682411f1b3997/US2936380-drawings-page-1.png
US-5132811-A,Holographic operating optical apparatus ,Seiko Instruments Inc.,"Tadao Iwaki, Yasuyuki Mitsuoka, Shuhei Yamamoto",1989-08-10,1990-06-28,1992-07-21,1992-07-21,https://patents.google.com/patent/US5132811A/en,https://patentimages.storage.googleapis.com/23/78/1a/cec101abff701e/US5132811-drawings-page-2.png
US-7061335-B2,Processing of signals with regenerative opto-electronic circuits ,"Oewaves, Inc.","Lutfollah Maleki, Danny Eliyahu",2004-04-15,2005-04-15,2006-06-13,2006-06-13,https://patents.google.com/patent/US7061335B2/en,https://patentimages.storage.googleapis.com/b7/f7/82/252c3b70e38ffb/US07061335-20060613-D00013.png
US-4088964-A,Multi-mode threshold laser ,Clow Richard G,Richard G. Clow,1975-01-22,1976-04-15,1978-05-09,1978-05-09,https://patents.google.com/patent/US4088964A/en,https://patentimages.storage.googleapis.com/de/0e/63/7594212f71603b/US4088964-drawings-page-2.png
US-7630648-B2,Optical fan-out and broadcast interconnect methodology ,Lightfleet Corporation,"William B. Dress, Brian T. Donovan, James E. Howard",2002-11-05,2008-10-10,2009-12-08,2009-12-08,https://patents.google.com/patent/US7630648B2/en,
US-4695973-A,Real-time programmable optical correlator ,The United States Of America As Represented By The Secretary Of The Air Force,Francis T. S. Yu,1985-10-22,1985-10-22,1987-09-22,1987-09-22,https://patents.google.com/patent/US4695973A/en,https://patentimages.storage.googleapis.com/10/ec/fc/ab930c0c535651/US4695973-drawings-page-2.png
US-5216541-A,Optical associative identifier with real time joint transform correlator ,Sumitomo Cement Company Ltd.,"Toshiharu Takesue, Yasuhiro Takemura",1989-05-09,1990-05-08,1993-06-01,1993-06-01,https://patents.google.com/patent/US5216541A/en,https://patentimages.storage.googleapis.com/ec/06/8e/d6704b75d9fe3b/US5216541-drawings-page-2.png
US-5659666-A,Device for the autonomous generation of useful information ,Thaler; Stephen L.,Stephen L. Thaler,1994-10-13,1994-10-13,1997-08-19,1997-08-19,https://patents.google.com/patent/US5659666A/en,https://patentimages.storage.googleapis.com/c9/9a/96/5b6cb922d2c0ed/US5659666-drawings-page-2.png
US-9103767-B2,Methods and devices for optically determining a characteristic of a substance ,"Halliburton Energy Services, Inc.","Robert Freese, Christopher Michael Jones, David Perkins, Michael Simcock, William Soltmann",2012-04-26,2014-06-02,2015-08-11,2015-08-11,https://patents.google.com/patent/US9103767B2/en,https://patentimages.storage.googleapis.com/5c/59/6a/f96826d8e57ae5/US09103767-20150811-D00000.png
US-4588255-A,Optical guided wave signal processor for matrix-vector multiplication and filtering ,The Board Of Trustees Of The Leland Stanford Junior University,"Moshe Tur, Joseph W. Goodman, Herbert J. Shaw, Behzad Moslehi, John E. Bowers",1982-06-21,1983-06-13,1986-05-13,1986-05-13,https://patents.google.com/patent/US4588255A/en,https://patentimages.storage.googleapis.com/16/c4/51/f5326134e426c7/US4588255-drawings-page-3.png
CA-2866396-C,Devices for optically determining a characteristic of a substance ,"Halliburton Energy Services, Inc., Robert Freese, Christopher Michael Jones, David Perkins, Michael SIMCOCK, William Soltmann","Robert Freese, Christopher Michael Jones, David Perkins, Michael SIMCOCK, William Soltmann",2012-04-26,2013-03-15,2017-08-01,2017-08-01,https://patents.google.com/patent/CA2866396C/en,
US-8823939-B2,Methods and devices for optically determining a characteristic of a substance ,"Halliburton Energy Services, Inc.","Robert Freese, Christopher Michael Jones, David Perkins, Michael Simcock, William Soltmann",2012-04-26,2012-04-26,2014-09-02,2014-09-02,https://patents.google.com/patent/US8823939B2/en,https://patentimages.storage.googleapis.com/04/d2/9c/61011aaab27ffb/US08823939-20140902-D00000.png
US-6243180-B1,Optical interconnect for high speed processors ,Interdigital Technology Corporation,"Emmanuel Kanterakis, Jian-Ming Wang",1993-05-28,1999-10-29,2001-06-05,2001-06-05,https://patents.google.com/patent/US6243180B1/en,https://patentimages.storage.googleapis.com/c4/a2/29/075049dc0cd1e8/US6243180-drawings-page-3.png
US-4786149-A,Arrangement for optical image processing ,Siemens Aktiengesellschaft,"Eckhardt Hoenig, Burkhard Lischke",1986-05-22,1987-05-20,1988-11-22,1988-11-22,https://patents.google.com/patent/US4786149A/en,https://patentimages.storage.googleapis.com/7e/87/f3/72f63b2baa3770/US4786149-drawings-page-2.png
CA-2865065-C,Methods and devices for optically determining a characteristic of a substance ,"Halliburton Energy Services, Inc., Robert Freese, Christopher Michael Jones, David Perkins, Michael SIMCOCK, William Soltmann","Robert Freese, Christopher Michael Jones, David Perkins, Michael SIMCOCK, William Soltmann",2012-04-26,2013-04-11,2017-10-03,2017-10-03,https://patents.google.com/patent/CA2865065C/en,
CA-2868841-C,Imaging systems for optical computing devices ,"Halliburton Energy Services, Inc., Robert Freese, Christopher Michael Jones, David Perkins, Michael SIMCOCK, William Soltmann","Robert Freese, Christopher Michael Jones, David Perkins, Michael SIMCOCK, William Soltmann",2012-04-26,2013-03-22,2017-07-04,2017-07-04,https://patents.google.com/patent/CA2868841C/en,
US-5005946-A,Multi-channel filter system ,Grumman Aerospace Corporation,Robert W. Brandstetter,1989-04-06,1989-04-06,1991-04-09,1991-04-09,https://patents.google.com/patent/US5005946A/en,https://patentimages.storage.googleapis.com/bc/ca/40/a11d3d53ce738e/US5005946-drawings-page-2.png
DE-60017738-T2,Phase extraction in the optical data processing ,Lenslet Ltd.,"Leonard Bergstein, Efraim Goldenberg, Emanuel Marom, David Mendlovic, Aviram Sariel",1999-05-19,2000-05-19,2005-12-29,2005-12-29,https://patents.google.com/patent/DE60017738T2/en,
US-5510912-A,Method and apparatus for modulation of multi-dimensional data in holographic storage ,International Business Machines Corporation,"Miguel M. Blaum, Paul H. Siegel, Glenn T. Sincerbox, Alexander Vardy",1993-08-09,1993-08-09,1996-04-23,1996-04-23,https://patents.google.com/patent/US5510912A/en,https://patentimages.storage.googleapis.com/c0/0d/6e/44e46736665a0f/US5510912-drawings-page-3.png
US-6529614-B1,Advanced miniature processing handware for ATR applications ,California Institute Of Technology,"Tien-Hsin Chao, Taher Daud, Anikumar Thakoor",1998-08-05,1999-08-04,2003-03-04,2003-03-04,https://patents.google.com/patent/US6529614B1/en,https://patentimages.storage.googleapis.com/10/af/c4/d90115e95f5ccd/US6529614-drawings-page-3.png
US-4124278-A,Optical subtraction of images in real time ,Hughes Aircraft Company,"Jan Grinberg, Emanuel Marom",1977-06-22,1977-06-22,1978-11-07,1978-11-07,https://patents.google.com/patent/US4124278A/en,https://patentimages.storage.googleapis.com/6e/46/ed/f8e341a5642cf3/US4124278-drawings-page-2.png
US-7536431-B2,Vector-matrix multiplication ,Lenslet Labs Ltd.,"Avner Goren, Aviram Sariel, Shimon Levit, Yosefa Asaf, Sergio Liberman, Benzion Sender, Tzvi Tzelnick, Yaron Hefetz, Eyal Moses, Vered Machal",2001-09-03,2002-09-03,2009-05-19,2009-05-19,https://patents.google.com/patent/US7536431B2/en,https://patentimages.storage.googleapis.com/7a/28/ef/2f9731299e1b3d/US07536431-20090519-D00003.png
US-9658149-B2,Devices having one or more integrated computational elements and methods for determining a characteristic of a sample by computationally combining signals produced therewith ,"Halliburton Energy Services, Inc.","Robert Freese, Christopher Michael Jones, David Perkins, Michael Simcock, William Soltmann",2012-04-26,2012-04-26,2017-05-23,2017-05-23,https://patents.google.com/patent/US9658149B2/en,https://patentimages.storage.googleapis.com/49/9d/32/01b52c1b1d6726/US09658149-20170523-D00000.png
AU-678146-B2,Methods of hologram constructions using computer-processed objects ,"Simian Company, Inc.","Debby L. Haines, Kenneth A. Haines",1992-01-03,1992-12-23,1997-05-22,1997-05-22,https://patents.google.com/patent/AU678146B2/en,
US-9080943-B2,Methods and devices for optically determining a characteristic of a substance ,"Halliburton Energy Services, Inc.","Robert Freese, Christopher Michael Jones, David Perkins, Michael Simcock, William Soltmann",2012-04-26,2012-04-26,2015-07-14,2015-07-14,https://patents.google.com/patent/US9080943B2/en,https://patentimages.storage.googleapis.com/8c/c6/ee/b39949fb52fb38/US09080943-20150714-D00000.png
US-5159474-A,Transform optical processing system ,E. I. Du Pont De Nemours And Company,"Marc A. Franke, Roeland M. T. Hekker, Izhak M. Livny, Gregory S. Mercurio, David P. Casasent",1986-10-17,1990-01-18,1992-10-27,1992-10-27,https://patents.google.com/patent/US5159474A/en,https://patentimages.storage.googleapis.com/2c/0a/54/faab765a803fc9/US5159474-drawings-page-3.png
US-2410550-A,Photoelectric integrator ,Thomas J Neilan,Padva Philip,1942-07-20,1942-07-20,1946-11-05,1946-11-05,https://patents.google.com/patent/US2410550A/en,https://patentimages.storage.googleapis.com/2b/fa/d7/a5c7cce48bb4d7/US2410550-drawings-page-1.png
US-3872293-A,Multi-dimensional fourier transform optical processor ,Us Navy,Eugene L Green,1972-01-07,1973-07-30,1975-03-18,1975-03-18,https://patents.google.com/patent/US3872293A/en,https://patentimages.storage.googleapis.com/49/a7/a7/527a0911cd293d/US3872293-drawings-page-2.png
US-7298908-B2,Method and apparatus for detecting the presence of one or more images of a known predetermined kind of scene ,Qinetiq Limited,"Meirion F. Lewis, Brian S. Lowans, Rebecca A. Wilson",1998-09-24,2002-12-09,2007-11-20,2007-11-20,https://patents.google.com/patent/US7298908B2/en,https://patentimages.storage.googleapis.com/US7298908B2/US07298908-20071120-D00000.png
CA-2865927-C,Devices for optically determining a characteristic of a substance ,"Halliburton Energy Services, Inc., Robert Freese, Christopher Michael Jones, David Perkins, Michael SIMCOCK, William Soltmann","Robert Freese, Christopher Michael Jones, David Perkins, Michael SIMCOCK, William Soltmann",2012-04-26,2013-03-27,2017-08-01,2017-08-01,https://patents.google.com/patent/CA2865927C/en,
US-5629802-A,Spatially multiplexed optical signal processor ,The United States Of America As Represented By The Secretary Of The Air Force,Natalie Clark,1995-01-05,1995-01-05,1997-05-13,1997-05-13,https://patents.google.com/patent/US5629802A/en,https://patentimages.storage.googleapis.com/0a/cc/e6/55c7b75012b50d/US5629802-drawings-page-2.png
US-4637056-A,Optical correlator using electronic image preprocessing ,Battelle Development Corporation,"Rand C. Sherman, Daniel R. Grieser",1983-10-13,1983-10-13,1987-01-13,1987-01-13,https://patents.google.com/patent/US4637056A/en,https://patentimages.storage.googleapis.com/18/46/5c/83c284176c1d03/US4637056-drawings-page-2.png
US-5418380-A,Optical correlator using ferroelectric liquid crystal spatial light modulators and Fourier transform lenses ,Martin Marietta Corporation,"Darren M. Simon, Steven A. Serati",1994-04-12,1994-04-12,1995-05-23,1995-05-23,https://patents.google.com/patent/US5418380A/en,https://patentimages.storage.googleapis.com/0d/c2/3d/28895bd7bcf9f9/US5418380-drawings-page-2.png
US-9013698-B2,Imaging systems for optical computing devices ,"Halliburton Energy Services, Inc.","Robert Freese, Christopher Michael Jones, David Perkins, Michael Simcock, William Soltmann",2012-04-26,2012-04-26,2015-04-21,2015-04-21,https://patents.google.com/patent/US9013698B2/en,https://patentimages.storage.googleapis.com/d1/5e/6e/b056ab39d79da5/US09013698-20150421-D00000.png
AU-2013252881-B2,Devices for optically determining a characteristic of a substance ,"Halliburton Energy Services, Inc.","Robert Freese, Christopher Michael Jones, David Perkins, Michael SIMCOCK, William Soltmann",2012-04-26,2013-03-14,2015-01-29,2015-01-29,https://patents.google.com/patent/AU2013252881B2/en,
US-4468093-A,Hybrid space/time integrating optical ambiguity processor ,The United States Of America As Represented By The Director Of The National Security Agency,Douglas E. Brown,1982-12-09,1982-12-09,1984-08-28,1984-08-28,https://patents.google.com/patent/US4468093A/en,https://patentimages.storage.googleapis.com/05/a4/c4/fdc0fc31041951/US4468093-drawings-page-2.png
US-4958376-A,"Robotic vision, optical correlation system ",Grumman Aerospace Corporation,Kenneth G. Leib,1985-12-27,1988-08-25,1990-09-18,1990-09-18,https://patents.google.com/patent/US4958376A/en,https://patentimages.storage.googleapis.com/b8/c5/be/a21be6b6d249e0/US4958376-drawings-page-2.png
AU-2013252816-B2,Methods for optically determining a characteristic of a substance ,"Halliburton Energy Services, Inc.","Robert Freese, Christopher Michael Jones, David Perkins, Michael SIMCOCK, William Soltmann",2012-04-26,2013-04-08,2016-04-28,2016-04-28,https://patents.google.com/patent/AU2013252816B2/en,
US-4764889-A,Optical logic arrangement with self electro-optic effect devices ,"American Telephone And Telegraph Company, At&T Bell Laboratories","Harvard S. Hinton, David A. B. Miller",1984-12-19,1984-12-19,1988-08-16,1988-08-16,https://patents.google.com/patent/US4764889A/en,https://patentimages.storage.googleapis.com/76/c5/e7/e8c40148d1b92d/US4764889-drawings-page-3.png
US-2002105725-A1,Electrically-programmable optical processor with enhanced resolution ,"Sweatt William C., Sinclair Michael B., Butler Michael A.","William Sweatt, Michael Sinclair, Michael Butler",2000-12-18,2000-12-18,2002-08-08,,https://patents.google.com/patent/US20020105725A1/en,https://patentimages.storage.googleapis.com/09/8c/ad/c415408f6060cb/US20020105725A1-20020808-D00000.png
US-2881976-A,Code translating device ,Ibm,Evon C Greanias,1955-12-30,1955-12-30,1959-04-14,1959-04-14,https://patents.google.com/patent/US2881976A/en,https://patentimages.storage.googleapis.com/05/d9/39/b1a8024211cb39/US2881976-drawings-page-1.png
US-4164788-A,Super-resolution imaging system ,Atul Jain,Atul Jain,1976-10-13,1976-10-13,1979-08-14,1979-08-14,https://patents.google.com/patent/US4164788A/en,https://patentimages.storage.googleapis.com/ca/56/74/9a10d5e42100f2/US4164788-drawings-page-2.png
US-3567915-A,Method of an apparatus for remotely determining the profile of fluid turbulence ,Trw Inc,"Saul Altshuler, Donald Arnush, Leonard Glatt, Palos Verdes, Arthur Peskoff",1969-07-22,1969-07-22,1971-03-02,1971-03-02,https://patents.google.com/patent/US3567915A/en,https://patentimages.storage.googleapis.com/b6/6f/b5/d8303656d6838f/US3567915-drawings-page-2.png
US-5623360-A,Time delay beam formation ,Essex Corporation,"Leslie H. Gesell, Terry M. Turpin",1991-12-12,1995-02-13,1997-04-22,1997-04-22,https://patents.google.com/patent/US5623360A/en,https://patentimages.storage.googleapis.com/7b/60/15/7eea17611550e7/US5623360-drawings-page-2.png
EP-0440683-B1,Digital computer with multiprocessor arrangement ,"WENDT, Hans-Joachim",Hans-Joachim Wendt,1988-10-19,1989-10-04,1994-09-14,1994-09-14,https://patents.google.com/patent/EP0440683B1/en,https://patentimages.storage.googleapis.com/34/df/ac/b2e2ab02cc60f1/imgf0001.png
US-5040140-A,Single SLM joint transform correaltors ,The United States Of America As Represented By The Secretary Of The Air Force,Joseph L. Horner,1989-04-28,1989-04-28,1991-08-13,1991-08-13,https://patents.google.com/patent/US5040140A/en,https://patentimages.storage.googleapis.com/29/e3/a7/8a3e35a91d9c22/US5040140-drawings-page-2.png
US-5493444-A,Photorefractive two-beam coupling nonlinear joint transform correlator ,The United States Of America As Represented By The Secretary Of The Air Force,"Jehad Khoury, Charles L. Woods, Peter D. Gianino, Mark Cronin-Golomb",1994-04-28,1994-04-28,1996-02-20,1996-02-20,https://patents.google.com/patent/US5493444A/en,https://patentimages.storage.googleapis.com/4d/1a/60/ee1c6f6ff82e98/US5493444-drawings-page-2.png
US-5107351-A,Image enhanced optical correlator system ,Grumman Aerospace Corporation,"Kenneth G. Leib, Benjamin J. Pernick",1990-02-16,1990-02-16,1992-04-21,1992-04-21,https://patents.google.com/patent/US5107351A/en,https://patentimages.storage.googleapis.com/ad/01/b8/894b16063c4056/US5107351-drawings-page-2.png
US-4949389-A,Optical ranked-order filtering using threshold decomposition ,The United States Of America As Represented By The United States Department Of Energy,"Jan P. Allebach, Ellen Ochoa, Donald W. Sweeney",1987-10-09,1987-10-09,1990-08-14,1990-08-14,https://patents.google.com/patent/US4949389A/en,https://patentimages.storage.googleapis.com/0b/64/b9/8facce2ce601c4/US4949389-drawings-page-2.png
US-5237433-A,Methods of hologram construction using computer-processed objects ,"Haines Kenneth A, Haines Debby L","Kenneth A. Haines, Debby L. Haines",1992-01-03,1992-01-03,1993-08-17,1993-08-17,https://patents.google.com/patent/US5237433A/en,https://patentimages.storage.googleapis.com/f2/2a/3e/3fa3f8d9d3cc3f/US5237433-drawings-page-2.png
US-4715683-A,Modified liquid crystal television as a spatial light modulator ,The United States Of America As Represented By The Secretary Of The Army,"Don A. Gregory, Bob D. Guenther",1986-11-10,1986-11-10,1987-12-29,1987-12-29,https://patents.google.com/patent/US4715683A/en,https://patentimages.storage.googleapis.com/6e/bc/52/2fffb9cb208778/US4715683-drawings-page-2.png
US-4772101-A,Remotely controllable real-time optical processor ,The United States Of America As Represented By The Administrator Of The National Aeronautics And Space Administration,Hua-Kuang Liu,1986-11-07,1986-11-07,1988-09-20,1988-09-20,https://patents.google.com/patent/US4772101A/en,https://patentimages.storage.googleapis.com/fb/25/3c/9e791ddbff0b7d/US4772101-drawings-page-2.png
US-8565475-B2,Optical system and method for reading encoded microbeads ,"Illumina, Inc.","John A. Moon, Martin A. Putnam",2003-08-20,2011-09-23,2013-10-22,2013-10-22,https://patents.google.com/patent/US8565475B2/en,https://patentimages.storage.googleapis.com/51/22/81/8acff066884513/US08565475-20131022-D00000.png
US-4607344-A,Triple matrix product optical processors using combined time-and-space integration ,The United States Of America As Represented By The Secretary Of The Navy,"Ravindra A. Athale, John N. Lee",1984-09-27,1984-09-27,1986-08-19,1986-08-19,https://patents.google.com/patent/US4607344A/en,https://patentimages.storage.googleapis.com/d0/ed/eb/4bf97486047d57/US4607344-drawings-page-2.png
US-8082117-B2,Optical image processing using minimum phase functions ,The Board Of Trustees Of The Leland Stanford Junior University,"Aydogan Ozcan, Michel J. F. Digonnet, Gordon S. Kino",2005-04-05,2009-11-20,2011-12-20,2011-12-20,https://patents.google.com/patent/US8082117B2/en,https://patentimages.storage.googleapis.com/0e/f3/2f/63945cd3408a72/US08082117-20111220-D00000.png
US-3441724-A,Optical correlator ,Philco Ford Corp,Donald R Taylor Jr,1964-12-08,1964-12-08,1969-04-29,1969-04-29,https://patents.google.com/patent/US3441724A/en,https://patentimages.storage.googleapis.com/ea/d8/7a/88c8ef3b184628/US3441724-drawings-page-1.png
US-4082431-A,Image processing system using incoherent radiation and spatial filter hologram ,Minnesota Mining And Manufacturing Company,"Joseph E. Ward, III",1975-04-22,1976-04-01,1978-04-04,1978-04-04,https://patents.google.com/patent/US4082431A/en,https://patentimages.storage.googleapis.com/fa/2e/e3/578bc56f88c621/US4082431-drawings-page-2.png
US-4697247-A,Method of performing matrix by matrix multiplication ,Hughes Aircraft Company,"Jan Grinberg, Frederick G. Yamagishi",1983-06-10,1986-07-14,1987-09-29,1987-09-29,https://patents.google.com/patent/US4697247A/en,https://patentimages.storage.googleapis.com/56/a5/8f/b04c332a71289b/US4697247-drawings-page-17.png
US-5119443-A,Nonlinear joint transform optical correlator having varying degrees of nonlinearity ,"Bahram Javidi, Horner Joseph L","Bahram Javidi, Joseph L. Horner",1990-06-14,1990-06-14,1992-06-02,1992-06-02,https://patents.google.com/patent/US5119443A/en,https://patentimages.storage.googleapis.com/48/78/16/8de7d08373945e/US5119443-drawings-page-2.png
US-2787188-A,Optical cross-correlator ,Gen Precision Lab Inc,France B Berger,1953-07-31,1953-07-31,1957-04-02,1957-04-02,https://patents.google.com/patent/US2787188A/en,https://patentimages.storage.googleapis.com/3c/31/2c/64b132620772af/US2787188-drawings-page-1.png
US-4854669-A,Optical image processor with highly selectable modulation transfer function ,Quantum Diagnostics Ltd.,"Curtis Birnbach, Fu K. Hsu",1987-02-27,1988-06-17,1989-08-08,1989-08-08,https://patents.google.com/patent/US4854669A/en,https://patentimages.storage.googleapis.com/25/0c/76/b939966fd30762/US4854669-drawings-page-2.png
US-6021223-A,Image forming apparatus ,"Hamamatsu Photonics K.K., Riso National Laboratory","Haruyoshi Toyoda, Jesper Gluckstad",1996-11-01,1997-10-31,2000-02-01,2000-02-01,https://patents.google.com/patent/US6021223A/en,https://patentimages.storage.googleapis.com/b3/97/bb/68d29353988102/US6021223-drawings-page-26.png
EP-0629896-B1,"Optical signal processor, method of its control, method of its designing, and method of its production ",Nippon Telegraph And Telephone Corporation,"Kaname Jinguji, Masao Kawachi, Koichi Takiguchi",1993-06-21,1994-06-20,2001-10-17,2001-10-17,https://patents.google.com/patent/EP0629896B1/en,https://patentimages.storage.googleapis.com/44/78/80/fa64a63dfd67ae/01650001.png
US-4084255-A,"Positional, rotational and scale invariant optical correlation method and apparatus ",The United States Of America As Represented By The Secretary Of The Navy,"David Paul Casasent, Demetri Psaltis",1976-11-02,1976-11-02,1978-04-11,1978-04-11,https://patents.google.com/patent/US4084255A/en,https://patentimages.storage.googleapis.com/25/e2/6a/b2ad27bbce617e/US4084255-drawings-page-2.png
US-2497042-A,Electrooptical function synthesizer ,Electro Mechanical Res Inc,Doll Henri-Georges,1943-10-19,1943-10-19,1950-02-07,1950-02-07,https://patents.google.com/patent/US2497042A/en,https://patentimages.storage.googleapis.com/35/86/df/5b5ced09f97d4c/US2497042-drawings-page-1.png
US-4927220-A,System and method for photorefractive holographic recording and signal processing ,Microelectronic & Computer Technology Corp.,"Lambertus Hesselink, Steve R. Redfield",1987-12-31,1987-12-31,1990-05-22,1990-05-22,https://patents.google.com/patent/US4927220A/en,https://patentimages.storage.googleapis.com/4e/69/58/7fad93cbe51128/US4927220-drawings-page-2.png
US-4187000-A,Addressable optical computer and filter ,Constant James N,James N. Constant,1975-06-16,1977-12-15,1980-02-05,1980-02-05,https://patents.google.com/patent/US4187000A/en,https://patentimages.storage.googleapis.com/c2/fa/3d/ea868c1b572e6d/US4187000-drawings-page-2.png
US-4815027-A,Optical operation apparatus for effecting parallel signal processing by detecting light transmitted through a filter in the form of a matrix ,Canon Kabushiki Kaisha,"Jun Tokumitsu, Kenji Saito, Yuichi Handa, Nobuyoshi Tanaka, Hidetoshi Nojiri",1984-04-13,1987-09-23,1989-03-21,1989-03-21,https://patents.google.com/patent/US4815027A/en,https://patentimages.storage.googleapis.com/1c/32/8e/d7afcce0fe3d58/US4815027-drawings-page-2.png
US-4569033-A,Optical matrix-matrix multiplier based on outer product decomposition ,The United States Of America As Represented By The Secretary Of The Navy,"William C. Collins, P. Denzil Stilwell, Jr., Ravindra A. Athale",1983-06-14,1983-06-14,1986-02-04,1986-02-04,https://patents.google.com/patent/US4569033A/en,https://patentimages.storage.googleapis.com/d4/fc/81/353e4293135ea4/US4569033-drawings-page-2.png
US-4351589-A,Method and apparatus for optical computing and logic processing by mapping of input optical intensity into position of an optical image ,Hughes Aircraft Company,"Pierre H. Chavel, Alexander A. Sawchuk, Bernard H. Soffer, Timothy C. Strand, Armand R. Tanguay, Jr.",1980-04-08,1980-04-08,1982-09-28,1982-09-28,https://patents.google.com/patent/US4351589A/en,https://patentimages.storage.googleapis.com/be/f7/4b/b16dab1ef92aaa/US4351589-drawings-page-2.png
US-6016211-A,Optoelectronic smart pixel array for a reconfigurable intelligent optical interconnect ,"Szymanski; Ted, Hinton; Harvard Scott","Ted Szymanski, Harvard Scott Hinton",1995-06-19,1995-06-19,2000-01-18,2000-01-18,https://patents.google.com/patent/US6016211A/en,https://patentimages.storage.googleapis.com/4e/5f/f9/c6a08832ba1df1/US6016211-drawings-page-33.png
US-3546374-A,Image processing system and method ,Technical Operations Inc,Michael Graser Jr,1967-12-28,1967-12-28,1970-12-08,1970-12-08,https://patents.google.com/patent/US3546374A/en,https://patentimages.storage.googleapis.com/3c/d3/67/1bf44f17076cfb/US3546374-drawings-page-2.png
US-4669054-A,Device and method for optically correlating a pair of images ,"General Dynamics, Pomona Division","Richard S. Schlunt, Donald R. Fetterly",1985-05-03,1985-05-03,1987-05-26,1987-05-26,https://patents.google.com/patent/US4669054A/en,https://patentimages.storage.googleapis.com/0c/b3/06/75771f9cc3a37e/US4669054-drawings-page-2.png
US-5323472-A,Optical image analyzer using optical correlation and opto-electronic feedback ,The Boeing Company,R. Aaron Falk,1990-03-27,1993-02-11,1994-06-21,1994-06-21,https://patents.google.com/patent/US5323472A/en,https://patentimages.storage.googleapis.com/1b/30/42/e52b839c90f785/US5323472-drawings-page-2.png
US-8220929-B2,Three-dimensional image display apparatus ,Sony Corporation,"Tetsuyuki Miyawaki, Kyohei Iwamoto, Yoshio Suzuki",2008-06-06,2009-06-02,2012-07-17,2012-07-17,https://patents.google.com/patent/US8220929B2/en,https://patentimages.storage.googleapis.com/73/c6/86/0e527a65cdf25d/US08220929-20120717-D00000.png
EP-0475659-B1,Optical pattern recognition apparatus ,Seiko Instruments Inc.,"Yasuyuki Mitsuoka, Tadao Iwaki, Tomohiro Yoshikawa",1990-09-05,1991-09-03,1997-01-15,1997-01-15,https://patents.google.com/patent/EP0475659B1/en,https://patentimages.storage.googleapis.com/2b/77/68/e05d8e2b7e01f8/imgf0001.png
US-4468084-A,Integrated optical time integrating correlator ,Honeywell Inc.,"Lynn D. Hutcheson, Poohsan N. Tamura",1982-11-22,1982-11-22,1984-08-28,1984-08-28,https://patents.google.com/patent/US4468084A/en,https://patentimages.storage.googleapis.com/43/7a/89/90184051ace204/US4468084-drawings-page-2.png
US-6330361-B1,Adaptively aligned optical correlator and method ,"Litton Systems, Inc.","Robert A. Mitchell, Stuart A. Mills, James Ryan",1999-03-16,1999-03-16,2001-12-11,2001-12-11,https://patents.google.com/patent/US6330361B1/en,https://patentimages.storage.googleapis.com/53/05/b8/453471ce393cde/US6330361-drawings-page-2.png
US-2462263-A,Reproduction of sound ,Rca Corp,Harold E Haynes,1945-02-02,1945-02-02,1949-02-22,1949-02-22,https://patents.google.com/patent/US2462263A/en,https://patentimages.storage.googleapis.com/60/7d/b4/a39407d4884548/US2462263-drawings-page-1.png
US-7130292-B2,Optical processor enhanced receiver architecture (opera) ,Essex Corporation,"Terry M. Turpin, James L. Lafuse",2000-06-02,2001-01-19,2006-10-31,2006-10-31,https://patents.google.com/patent/US7130292B2/en,https://patentimages.storage.googleapis.com/a6/d7/2e/49ab5f23d98eb6/US07130292-20061031-D00004.png
EP-0190383-A1,Recursive optical filter system ,Grumman Aerospace Corporation,"Charles E. Lindig, Robert W. Brandstetter, Adrian Robert Doucette",1983-05-26,1985-02-06,1986-08-13,,https://patents.google.com/patent/EP0190383A1/en,https://patentimages.storage.googleapis.com/95/d2/b7/0277d70a442fed/imgf0001.png
US-3398269-A,Polychromatic optical correlator ,Usa,Ross E Williams,1964-05-07,1964-05-07,1968-08-20,1968-08-20,https://patents.google.com/patent/US3398269A/en,https://patentimages.storage.googleapis.com/7b/8e/7d/d2b49c408c9413/US3398269-drawings-page-1.png
US-2002122254-A1,Method and an apparatus for generating a phase-modulated wave front of electromagnetic radiation ,Jesper Gluckstad,Jesper Gluckstad,2000-12-22,2001-12-19,2002-09-05,,https://patents.google.com/patent/US20020122254A1/en,https://patentimages.storage.googleapis.com/49/68/42/597ecbb147ec07/US20020122254A1-20020905-D00000.png
US-4603398-A,Matrix-matrix multiplication using an electrooptical systolic/engagement array processing architecture ,The United States Of America As Represented By The Secretary Of The Navy,"Richard P. Bocker, Henry J. Caulfield, Keith Bromley",1984-02-17,1984-02-17,1986-07-29,1986-07-29,https://patents.google.com/patent/US4603398A/en,https://patentimages.storage.googleapis.com/4f/40/ce/d7fee59737e72d/US4603398-drawings-page-3.png
US-4478481-A,Production of diffraction limited holographic images ,University Of Dayton,"Richard L. Fusek, James S. Harris, Kevin G. Harding",1982-02-12,1982-02-12,1984-10-23,1984-10-23,https://patents.google.com/patent/US4478481A/en,https://patentimages.storage.googleapis.com/bb/29/8c/745e22d1cb10da/US4478481-drawings-page-2.png
JP-2774738-B2,Image encoding recovery system ,シャープ株式会社,"隆之 中島, 俊一 佐藤, 滋 千葉, 昭夫 諏訪",1992-05-27,1992-05-27,1998-07-09,1998-07-09,https://patents.google.com/patent/JP2774738B2/en,
US-6404535-B1,Optically implemented wideband complex correlator using a multi-mode imaging device ,Trw Inc.,James E. Leight,1998-11-30,1998-11-30,2002-06-11,2002-06-11,https://patents.google.com/patent/US6404535B1/en,https://patentimages.storage.googleapis.com/e0/65/69/3ef79783963f6c/US6404535-drawings-page-2.png
US-2839149-A,Method of and apparatus for multiplying and integrating variables ,Phillips Petroleum Co,Raymond G Piety,1950-05-19,1950-05-19,1958-06-17,1958-06-17,https://patents.google.com/patent/US2839149A/en,https://patentimages.storage.googleapis.com/c9/08/3a/682b41f243ec80/US2839149-drawings-page-1.png
US-3355579-A,Correlation apparatus ,Bell Telephone Labor Inc,George H Robertson,1965-10-20,1965-10-20,1967-11-28,1967-11-28,https://patents.google.com/patent/US3355579A/en,https://patentimages.storage.googleapis.com/77/7f/cd/0a31a2bea23229/US3355579-drawings-page-1.png
US-3284763-A,"Multi-point, multi-channel linear processing of seismic data ",Texas Instruments Inc,"John P Burg, William A Schneider",1962-10-30,1962-10-30,1966-11-08,1966-11-08,https://patents.google.com/patent/US3284763A/en,https://patentimages.storage.googleapis.com/39/69/14/5eda64ac800c14/US3284763-drawings-page-1.png
US-5841489-A,Phase-only optically-addressed type spatial light modulator ,Hamamatsu Photonics K.K.,"Narihiro Yoshida, Naohisa Mukohzaka, Haruyoshi Toyoda, Terushige Hori, Yuji Kobayashi, Tsutomu Hara",1992-07-30,1993-07-30,1998-11-24,1998-11-24,https://patents.google.com/patent/US5841489A/en,https://patentimages.storage.googleapis.com/6a/42/a8/7faffd6b9a9e31/US5841489-drawings-page-3.png
JP-2877405-B2,Image update detection method and image update detecting device ,グラマン  エアロスペース  コーポレーション,カダー，アイヴァン,1988-05-31,1989-05-19,1999-03-31,1999-03-31,https://patents.google.com/patent/JP2877405B2/en,
US-4471445-A,Fourier transform signal processor ,Grumman Aerospace Corporation,Benjamin J. Pernick,1981-03-30,1981-03-30,1984-09-11,1984-09-11,https://patents.google.com/patent/US4471445A/en,https://patentimages.storage.googleapis.com/ee/bb/d5/6e6dcf11e88866/US4471445-drawings-page-2.png
US-4275454-A,Optical system phase error compensator ,Environmental Research Institute Of Michigan,"Alex Klooster, Jr.",1978-12-01,1978-12-01,1981-06-23,1981-06-23,https://patents.google.com/patent/US4275454A/en,https://patentimages.storage.googleapis.com/af/df/f8/2d194e7dd1a09f/US4275454-drawings-page-2.png
US-4389093-A,Method and apparatus for coherent detection in optical processors ,"Probe Systems, Inc.",David W. Jackson,1981-03-23,1981-03-23,1983-06-21,1983-06-21,https://patents.google.com/patent/US4389093A/en,https://patentimages.storage.googleapis.com/7a/d0/1c/3f5753e9d7b9a2/US4389093-drawings-page-2.png
US-5432722-A,Global interconnect architecture for electronic computing modules ,Opticomp Corporation,"Peter S. Guilfoyle, Frederick F. Zeise, Valentin N. Morozou",1987-03-27,1994-03-21,1995-07-11,1995-07-11,https://patents.google.com/patent/US5432722A/en,https://patentimages.storage.googleapis.com/c2/a6/bc/4398f978c6db15/US5432722-drawings-page-3.png
US-6055086-A,Method and apparatus for improved spatial light modulation ,The United States Of America As Represented By The Administrator Of The National Aeronautics And Space Administration,"Colin Soutar, Richard D. Juday",1994-10-24,1998-07-27,2000-04-25,2000-04-25,https://patents.google.com/patent/US6055086A/en,https://patentimages.storage.googleapis.com/2f/29/32/b4c65424cd11a7/US6055086-drawings-page-2.png
US-3240108-A,Optical analyzer ,Space General Corp,"Frank W Lehan, Glenn L Brown",1961-02-13,1961-02-13,1966-03-15,1966-03-15,https://patents.google.com/patent/US3240108A/en,https://patentimages.storage.googleapis.com/c7/b6/d1/c867ac8f168279/US3240108-drawings-page-1.png
US-4892370-A,Means and method for implementing a two-dimensional truth-table look-up holgraphic processor ,Lee Yun Parn T,Yun-Parn T. Lee,1987-03-09,1988-02-17,1990-01-09,1990-01-09,https://patents.google.com/patent/US4892370A/en,https://patentimages.storage.googleapis.com/1f/e2/00/077da2d8fe9a52/US4892370-drawings-page-2.png
US-4620293-A,Optical matrix multiplier ,"General Dynamics, Pomona Division","Richard S. Schlunt, Hans-Peter Schmid, Donald R. Fetterly",1983-12-23,1983-12-23,1986-10-28,1986-10-28,https://patents.google.com/patent/US4620293A/en,https://patentimages.storage.googleapis.com/b2/e5/80/239373b2066892/US4620293-drawings-page-2.png
US-5072314-A,Image enhancement techniques using selective amplification of spatial frequency components ,Rockwell International Corporation,Tallis Y. Chang,1990-04-04,1990-04-04,1991-12-10,1991-12-10,https://patents.google.com/patent/US5072314A/en,https://patentimages.storage.googleapis.com/18/67/f4/68d3d4ce7136cb/US5072314-drawings-page-2.png
US-4838644-A,"Position, rotation, and intensity invariant recognizing method ",The United States Of America As Represented By The United States Department Of Energy,"Ellen Ochoa, George F. Schils, Donald W. Sweeney",1987-09-15,1987-09-15,1989-06-13,1989-06-13,https://patents.google.com/patent/US4838644A/en,https://patentimages.storage.googleapis.com/0b/30/4d/ca1bb2e75bd3cd/US4838644-drawings-page-3.png
US-6879427-B2,Shear inducing beamsplitter for interferometric image processing ,Lenslet Ltd.,"David Mendlovic, Boris Glushko, Efraim Goldenberg, Gal Shabtay, Javier Garcia, Leonard Bergstein, Shlomo Eisenbach, Yehuda Miron, Aviram Sariel",2000-04-10,2001-04-10,2005-04-12,2005-04-12,https://patents.google.com/patent/US6879427B2/en,https://patentimages.storage.googleapis.com/bd/c8/62/cc131631583e66/US06879427-20050412-D00000.png
EP-0603036-B1,Optical processing apparatus for electrical signals ,Thomson-Csf,"Jean Chazelas, Daniel Dolfi, Jean-Pierre Huignard, Philippe Souchay",1992-12-15,1993-12-10,1999-07-28,1999-07-28,https://patents.google.com/patent/EP0603036B1/en,https://patentimages.storage.googleapis.com/69/18/4b/c2b0f8ed8c3a4f/00280001.png
US-5151822-A,Transform digital/optical processing system including wedge/ring accumulator ,E. I. Du Pont De Nemours And Company,"Roeland M. T. Hekker, Izhak M. Livny, Gregory S. Mercurio",1986-10-17,1990-03-19,1992-09-29,1992-09-29,https://patents.google.com/patent/US5151822A/en,https://patentimages.storage.googleapis.com/5d/5e/fb/c340b83a788ed3/US5151822-drawings-page-3.png
US-3425770-A,Superimposed photostorage and separation ,Technical Operations Inc,"Peter F Mueller, George B Parrent Jr",1965-12-01,1965-12-01,1969-02-04,1969-02-04,https://patents.google.com/patent/US3425770A/en,https://patentimages.storage.googleapis.com/62/a0/41/c5f04f2f9e3761/US3425770-drawings-page-1.png
US-3157874-A,Signalling systems ,Thompson Ramo Wooldridge Inc,"Altar William, Lakatos Emory",1959-06-22,1959-06-22,1964-11-17,1964-11-17,https://patents.google.com/patent/US3157874A/en,https://patentimages.storage.googleapis.com/51/75/00/5a9d6f3c75a733/US3157874-drawings-page-1.png
US-8094961-B2,Generation of image data with correction for optical misfocus utilizing fractional powers of the fourier transform operator ,Ludwig Lester F,Lester F. Ludwig,1999-02-25,2010-04-05,2012-01-10,2012-01-10,https://patents.google.com/patent/US8094961B2/en,https://patentimages.storage.googleapis.com/7b/fa/70/137b6bded32b97/US08094961-20120110-D00000.png
US-3773401-A,Coherent optical multichannel correlator ,Siemens Ag,"N Douklias, G Winzer, U Wolff",1971-05-13,1972-05-10,1973-11-20,1973-11-20,https://patents.google.com/patent/US3773401A/en,https://patentimages.storage.googleapis.com/a7/1b/0f/9ae8a2351bd3bd/US3773401-drawings-page-2.png
US-5262968-A,High performance architecture for image processing ,The United States Of America As Represented By The Secretary Of The Air Force,Patrick C. Coffield,1992-06-25,1992-06-25,1993-11-16,1993-11-16,https://patents.google.com/patent/US5262968A/en,https://patentimages.storage.googleapis.com/42/3e/90/6b2986f7f7e96f/US5262968-drawings-page-2.png
US-4318581-A,Optical holographic content-addressable memory system for truth table look-up processing ,Georgia Tech Research Institute,"Clark C. Guest, Thomas K. Gaylord",1980-05-13,1980-05-13,1982-03-09,1982-03-09,https://patents.google.com/patent/US4318581A/en,https://patentimages.storage.googleapis.com/1e/90/87/3a6842a360ec37/US4318581-drawings-page-2.png
US-5204770-A,All optical image processing and pattern recognition apparatus using stimulated photon echoes ,Nippon Telegraph And Telephone Corporation,"Ravinder Kachru, Emily Y. Xu, Stefan Kroll, David L. Huestis, Myung-Keun Kim",1990-03-15,1990-03-15,1993-04-20,1993-04-20,https://patents.google.com/patent/US5204770A/en,https://patentimages.storage.googleapis.com/ef/0a/c5/7e089d0402ef88/US5204770-drawings-page-2.png
US-4948212-A,Optical processing in III-V and II-VI compound semiconductors ,California Institute Of Technology,"Li-Jen Cheng, Gregory O. Gheen",1988-08-22,1988-08-22,1990-08-14,1990-08-14,https://patents.google.com/patent/US4948212A/en,https://patentimages.storage.googleapis.com/3c/5e/8a/8e77a61adaf757/US4948212-drawings-page-2.png
US-2712415-A,Optical computer ,Phillips Petroleum Co,Raymond G Piety,1954-04-28,1954-04-28,1955-07-05,1955-07-05,https://patents.google.com/patent/US2712415A/en,https://patentimages.storage.googleapis.com/c9/c0/1b/f61d33c9c53bf3/US2712415-drawings-page-1.png
US-5900956-A,Optically encoded signals ,British Telecommunications Public Limited Company,David Cotter,1993-03-02,1994-03-01,1999-05-04,1999-05-04,https://patents.google.com/patent/US5900956A/en,https://patentimages.storage.googleapis.com/b2/8c/fc/23e0f53cd401d2/US5900956-drawings-page-2.png
US-4862115-A,Optical beamformers ,The United States Of America As Represented By The Secretary Of The Navy,"John N. Lee, Ravindra A. Athale, Peter B. Rolsma",1988-02-12,1988-02-12,1989-08-29,1989-08-29,https://patents.google.com/patent/US4862115A/en,https://patentimages.storage.googleapis.com/e2/99/71/fed4a10d7bfa55/US4862115-drawings-page-2.png
US-3263088-A,Star field correlator ,Gen Precision Inc,Lester I Goldfischer,1963-08-27,1963-08-27,1966-07-26,1966-07-26,https://patents.google.com/patent/US3263088A/en,https://patentimages.storage.googleapis.com/ed/3e/03/7cda65a5c8c53b/US3263088-drawings-page-1.png
US-4365310-A,Optical homodyne processor ,The United State Of America As Represented By The Secretary Of The Navy,Eugene L. Green,1980-10-01,1980-10-01,1982-12-21,1982-12-21,https://patents.google.com/patent/US4365310A/en,https://patentimages.storage.googleapis.com/cb/7f/5d/d5628e91f95a09/US4365310-drawings-page-2.png
US-8078663-B2,Optical correlation apparatus and method ,Qinetiq Limited,"Rebecca A Wilson, Meirion F Lewis, Andrew C Lewin",2004-10-18,2005-10-18,2011-12-13,2011-12-13,https://patents.google.com/patent/US8078663B2/en,https://patentimages.storage.googleapis.com/82/03/d5/ef641ea529db39/US08078663-20111213-D00000.png
US-5311359-A,Reflective optical correlator with a folded asymmetrical optical axis ,"Litton Systems, Inc.","John R. Lucas, Andrew M. Pollack, Stuart A. Mills",1992-12-24,1992-12-24,1994-05-10,1994-05-10,https://patents.google.com/patent/US5311359A/en,https://patentimages.storage.googleapis.com/00/25/0b/45cad7c7bd172a/US5311359-drawings-page-2.png
US-4900115-A,Optical logic circuit useful for bit serial optic computing ,"University Of Colorado Foundation, Inc.","Vincent P. Heuring, Harry F. Jordan, Jonathan P. Pratt",1989-01-31,1989-01-31,1990-02-13,1990-02-13,https://patents.google.com/patent/US4900115A/en,https://patentimages.storage.googleapis.com/pages/US4900115-1.png
US-4939682-A,Integrated electro-optic arithmetic/logic unit and method for making the same ,The Boeing Company,R. Aaron Falk,1988-07-15,1988-07-15,1990-07-03,1990-07-03,https://patents.google.com/patent/US4939682A/en,https://patentimages.storage.googleapis.com/44/15/aa/adf669f347b9f2/US4939682-drawings-page-2.png
JP-5155310-B2,Generation of the light beam ,ダンマークス  テクニスク  ユニバーシテットＤａｎｍａｒｋｓ  Ｔｅｋｎｉｓｋｅ  Ｕｎｉｖｅｒｓｉｔｅｔ,グリュークスタッド，イェスパー,2006-06-19,2007-06-18,2013-03-06,2013-03-06,https://patents.google.com/patent/JP5155310B2/en,https://patentimages.storage.googleapis.com/bd/0a/77/003f5388bc52f4/0005155310-2.png
US-4592004-A,Electrooptical matrix multiplication using the twos complement arithmetic for improved accuracy ,The United States Of America As Represented By The Secretary Of The Navy,"Richard P. Bocker, Stanley R. Clayton, Keith Bromley",1984-05-21,1984-05-21,1986-05-27,1986-05-27,https://patents.google.com/patent/US4592004A/en,https://patentimages.storage.googleapis.com/1a/fe/7f/581fe3b0403010/US4592004-drawings-page-2.png
US-4110016-A,Acousto-optic real time correlator ,The United States Of America As Represented By The Secretary Of The Army,"Norman J. Berg, Bob L. Smith, deceased, legal representative by Allen B. Adams",1977-06-07,1977-06-07,1978-08-29,1978-08-29,https://patents.google.com/patent/US4110016A/en,https://patentimages.storage.googleapis.com/56/05/b3/6818fe58b1acfc/US4110016-drawings-page-2.png
US-5528702-A,Optical pattern recognition apparatus with coordinate conversion function ,"Seiko Instruments Inc., Sumitomo Osaka Cement Co., Ltd.","Yasuyuki Mitsuoka, Tadao Iwaki",1991-05-31,1992-05-20,1996-06-18,1996-06-18,https://patents.google.com/patent/US5528702A/en,https://patentimages.storage.googleapis.com/04/15/43/661290a75d2109/US5528702-drawings-page-2.png
US-5185715-A,Data processing systems and methods for linear programming ,Hughes Aircraft Company,"Karel Zikan, Thomas P. Caudell",1990-03-30,1990-03-30,1993-02-09,1993-02-09,https://patents.google.com/patent/US5185715A/en,https://patentimages.storage.googleapis.com/5f/f4/11/981fb3142068ab/US5185715-drawings-page-2.png
US-5251222-A,Active multi-stage cavity sensor ,"Teledyne Industries, Inc.","Charles F. Hester, Steven M. Burke",1991-04-01,1992-03-02,1993-10-05,1993-10-05,https://patents.google.com/patent/US5251222A/en,https://patentimages.storage.googleapis.com/79/be/1a/9da4ce63ce8084/US5251222-drawings-page-2.png
US-5337170-A,Quadratic optical processor for reducing multiplicative noise and other uses ,The United States Of America As Represented By The Secretary Of The Air Force,"Jihad Khoury, Charles L. Woods",1992-07-29,1992-07-29,1994-08-09,1994-08-09,https://patents.google.com/patent/US5337170A/en,https://patentimages.storage.googleapis.com/b4/dc/f3/89d0e6daa835b6/US5337170-drawings-page-2.png
US-5150228-A,Real-time edge-enhanced optical correlator ,The United States Of America As Represented By The Administrator Of The National Aeronautics And Space Administration,"Tsuen-Hsi Liu, Li-Jen Cheng",1991-11-25,1991-11-25,1992-09-22,1992-09-22,https://patents.google.com/patent/US5150228A/en,https://patentimages.storage.googleapis.com/12/51/0b/7120d633c8cb1a/US5150228-drawings-page-2.png
US-5321639-A,Dual-scale topology optoelectronic matrix algebraic processing system ,Regents Of The University Of California,"Ashok V. Krishnamoorthy, Gary C. Marsden, Joseph E. Ford, Sadik C. Esener",1992-03-02,1992-03-02,1994-06-14,1994-06-14,https://patents.google.com/patent/US5321639A/en,https://patentimages.storage.googleapis.com/be/c8/74/e9b8fbf821ca30/US5321639-drawings-page-2.png
US-3742495-A,Drone guidance system and method ,Goodyear Aerospace Corp,N Diamantides,1966-11-07,1971-09-24,1973-06-26,1973-06-26,https://patents.google.com/patent/US3742495A/en,https://patentimages.storage.googleapis.com/67/db/c9/d0555c788d03ff/US3742495-drawings-page-2.png
US-6178020-B1,Modules and methods for all photonic computing ,"Ut-Battelle, Llc","David R. Schultz, Chao Hung Ma",1999-09-30,1999-09-30,2001-01-23,2001-01-23,https://patents.google.com/patent/US6178020B1/en,https://patentimages.storage.googleapis.com/b5/a2/60/9eee55779682c8/US6178020-drawings-page-2.png
US-5309523-A,Optical pattern recognition apparatus ,Seiko Instruments Inc.,"Tadao Iwaki, Yasuyuki Mitsuoka",1989-06-16,1992-08-18,1994-05-03,1994-05-03,https://patents.google.com/patent/US5309523A/en,https://patentimages.storage.googleapis.com/cf/f9/1c/7876d436cf7468/US5309523-drawings-page-2.png
US-5367579-A,Method of removing spurious responses from optical joint transform correlators ,The United States Of America As Represented By The Secretary Of The Air Force,"Bahram Javidi, Qing Tang",1993-06-25,1993-06-25,1994-11-22,1994-11-22,https://patents.google.com/patent/US5367579A/en,https://patentimages.storage.googleapis.com/39/c5/f8/d3e2582739d81b/US5367579-drawings-page-2.png
US-3519331-A,Two-dimensional optical data processor ,Us Air Force,"Louis J Cutrona, Wendell A Blikken, Emmett N Leith, Arthur L Ingalls, Carmen J Palermo, Leonard J Porcello",1961-03-15,1961-03-15,1970-07-07,1970-07-07,https://patents.google.com/patent/US3519331A/en,https://patentimages.storage.googleapis.com/83/6f/7e/2abefd6b6f70c6/US3519331-drawings-page-1.png
US-4633427-A,Advanced cube processor ,The United States Of America As Represented By The Secretary Of The Navy,Richard P. Bocker,1984-06-29,1984-06-29,1986-12-30,1986-12-30,https://patents.google.com/patent/US4633427A/en,https://patentimages.storage.googleapis.com/8b/66/df/7363a10d94c298/US4633427-drawings-page-2.png
US-5032002-A,Write with light optical notching filter ,Grumman Aerospace Corporation,"Nils J. Fonneland, Robert W. Brandstetter, Herman Kaplan, Philip G. Grieve",1989-02-14,1989-02-14,1991-07-16,1991-07-16,https://patents.google.com/patent/US5032002A/en,https://patentimages.storage.googleapis.com/41/8d/b4/fbc89b9399f7cc/US5032002-drawings-page-2.png
US-5220622-A,Data base searching ,Stc Plc,Robert W. A. Scarr,1989-11-28,1990-11-21,1993-06-15,1993-06-15,https://patents.google.com/patent/US5220622A/en,https://patentimages.storage.googleapis.com/73/f0/39/cfa2ea8478c4f4/US5220622-drawings-page-2.png
US-3785736-A,Small-sized optical correlator ,Thomson Csf,"G Bismuth, E Spitz",1971-01-14,1972-01-13,1974-01-15,1974-01-15,https://patents.google.com/patent/US3785736A/en,https://patentimages.storage.googleapis.com/e3/f0/00/e9586432d6de5c/US3785736-drawings-page-2.png
EP-1038209-B1,Optical correlator ,Cambridge Correlators Limited,Timothy David Wilkinson,1997-12-12,1998-12-11,2004-02-25,2004-02-25,https://patents.google.com/patent/EP1038209B1/en,https://patentimages.storage.googleapis.com/9a/20/b9/2a403eae805821/00280001.png
EP-0359468-B1,Optical correlator and method of optical correlation ,Seiko Instruments Inc.,"Toshiharu Seiko Instruments Inc. Takesue, Yasuyuki Seiko Instruments Inc. Mitsuoka",1988-09-07,1989-09-06,1996-02-14,1996-02-14,https://patents.google.com/patent/EP0359468B1/en,https://patentimages.storage.googleapis.com/dd/9d/ce/03d35051993acf/imgf0001.png
US-4025195-A,Image subtraction/addition system ,Itek Corporation,"John F. Ebersole, James C. Wyant",1974-07-22,1974-07-22,1977-05-24,1977-05-24,https://patents.google.com/patent/US4025195A/en,https://patentimages.storage.googleapis.com/b5/87/51/423f56df67db7f/US4025195-drawings-page-2.png
CA-1264580-A,Optical image processor ,"Curtis Birnbach, Jay Tanner, Quantum Diagnostics, Ltd.","Curtis Birnbach, Jay Tanner",1983-07-29,1984-07-27,1990-01-23,1990-01-23,https://patents.google.com/patent/CA1264580A/en,
US-6229649-B1,Pseudo deconvolution method of recovering a distorted optical image ,The United States Of America As Represented By The Secretary Of The Air Force,"Charles L. Woods, Jehad Khoury, Jack Fu",1994-10-04,1994-10-04,2001-05-08,2001-05-08,https://patents.google.com/patent/US6229649B1/en,https://patentimages.storage.googleapis.com/38/0d/11/53935af555bff8/US6229649-drawings-page-2.png
US-5093802-A,Optical computing method using interference fringe component regions ,Rocky Mountain Research Center,John N. Hait,1989-06-16,1989-06-16,1992-03-03,1992-03-03,https://patents.google.com/patent/US5093802A/en,https://patentimages.storage.googleapis.com/d3/dc/23/b9d00e850f7001/US5093802-drawings-page-2.png
JP-4804358-B2,"Spatial light modulator, an optical processing device, and the use of a coupling prism ",浜松ホトニクス株式会社,"卓 井上, 洪欣 黄",2004-09-27,2005-09-27,2011-11-02,2011-11-02,https://patents.google.com/patent/JP4804358B2/en,https://patentimages.storage.googleapis.com/71/44/41/0fe3934dd703a8/0004804358-86.png
US-4357676-A,Frequency multiplexed joint transform correlator system ,Ampex Corporation,Hugh B. Brown,1980-09-08,1980-09-08,1982-11-02,1982-11-02,https://patents.google.com/patent/US4357676A/en,https://patentimages.storage.googleapis.com/f4/af/b6/4626a314e02e2d/US4357676-drawings-page-2.png
US-4286328-A,Incoherent optical ambiguity function generator ,The United States Of America As Represented By The Secretary Of The Navy,Richard P. Bocker,1978-10-06,1978-10-06,1981-08-25,1981-08-25,https://patents.google.com/patent/US4286328A/en,https://patentimages.storage.googleapis.com/70/6a/ab/666b2690ed5d89/US4286328-drawings-page-2.png
US-2088297-A,Harmonic analyzer ,Bell Telephone Labor Inc,Jr Walter Koenig,1936-01-11,1936-01-11,1937-07-27,1937-07-27,https://patents.google.com/patent/US2088297A/en,https://patentimages.storage.googleapis.com/ae/e1/b7/bcb41c68b0c10b/US2088297-drawings-page-1.png
US-3700801-A,Image analysis and correlation system and method ,Trw Inc,Charles B Dougherty,1966-10-03,1966-10-03,1972-10-24,1972-10-24,https://patents.google.com/patent/US3700801A/en,https://patentimages.storage.googleapis.com/d5/9f/4a/0185b3b5102e26/US3700801-drawings-page-2.png
US-4138190-A,Geometrical transformations in optics ,Xerox Corporation,Olof Bryngdahl,1975-01-27,1976-09-24,1979-02-06,1979-02-06,https://patents.google.com/patent/US4138190A/en,https://patentimages.storage.googleapis.com/0f/da/56/f62fac6bf6eaa0/US4138190-drawings-page-2.png
US-5943170-A,Adaptive or a priori filtering for detection of signals corrupted by noise ,"Inbar; Hanni, Marom; Emanuel","Hanni Inbar, Emanuel Marom",1994-08-25,1995-08-24,1999-08-24,1999-08-24,https://patents.google.com/patent/US5943170A/en,https://patentimages.storage.googleapis.com/b6/90/f2/4228d0d3245165/US5943170-drawings-page-2.png
US-4009380-A,Electro-optical system for performing matrix-vector multiplication ,The United States Of America As Represented By The Secretary Of The Navy,"Richard P. Bocker, Keith Bromley, Michael A. Monahan, Larry B. Stotts",1975-01-20,1975-01-20,1977-02-22,1977-02-22,https://patents.google.com/patent/US4009380A/en,https://patentimages.storage.googleapis.com/74/3e/34/14302252b9c4b2/US4009380-drawings-page-2.png
US-2014085693-A1,Metasurface nanoantennas for light processing ,Northeastern University,"Hossein Mosallaei, Mohsen Farmahini Farahani, Babak Memarzadeh Isfahani",2012-09-26,2013-09-26,2014-03-27,,https://patents.google.com/patent/US20140085693A1/en,https://patentimages.storage.googleapis.com/ee/e0/61/359f7fb3869fc2/US20140085693A1-20140327-D00000.png
US-4383734-A,Real-time optical correlation system ,Thomson-Csf,"Jean-Pierre Huignard, Jean-Pierre Herriau, Laurence Pichon",1979-11-05,1980-11-04,1983-05-17,1983-05-17,https://patents.google.com/patent/US4383734A/en,https://patentimages.storage.googleapis.com/a4/60/b8/9e139076d3960e/US4383734-drawings-page-2.png
US-2015036038-A1,Aperture scanning fourier ptychographic imaging ,California Institute Of Technology,"Roarke Horstmeyer, Guoan Zheng, Xiaoze Ou, Changhuei Yang",2013-07-31,2014-07-31,2015-02-05,,https://patents.google.com/patent/US20150036038A1/en,https://patentimages.storage.googleapis.com/aa/2b/6a/be916e0cdece12/US20150036038A1-20150205-D00000.png
US-3666359-A,Correlation peak detector in optical spatial filtering system ,Rca Corp,Walter Wright Lee,1970-08-26,1970-08-26,1972-05-30,1972-05-30,https://patents.google.com/patent/US3666359A/en,https://patentimages.storage.googleapis.com/db/aa/4a/c175ee6b0fa9c5/US3666359-drawings-page-1.png
US-5862286-A,Optical memory device and optical circuit using optical memory device ,"Hitachi, Ltd.","Yasuo Imanishi, Shingo Ishihara, Tomoyuki Hamada, Atsushi Kakuta",1994-06-30,1995-06-28,1999-01-19,1999-01-19,https://patents.google.com/patent/US5862286A/en,https://patentimages.storage.googleapis.com/f5/7b/7f/97ed4f1e7687a0/US5862286-drawings-page-2.png
US-4386414-A,Data processing system utilizing a holographic optical element ,The Regents Of The University Of Minnesota,Steven K. Case,1980-11-19,1980-11-19,1983-05-31,1983-05-31,https://patents.google.com/patent/US4386414A/en,https://patentimages.storage.googleapis.com/31/c8/0f/293f0b994d4a40/US4386414-drawings-page-2.png
US-5028102-A,Parallel optical information processing system ,"Ricoh Company, Ltd.","Yukio Ogura, Toshio Inada, Hironobu Mifune, Aki Ueda",1988-11-25,1989-11-21,1991-07-02,1991-07-02,https://patents.google.com/patent/US5028102A/en,https://patentimages.storage.googleapis.com/1a/65/47/05ec3b3ba78212/US5028102-drawings-page-2.png
US-5206829-A,Thin film ferroelectric electro-optic memory ,"Sarita Thakoor, Thakoor Anilkumar P","Sarita Thakoor, Anilkumar P. Thakoor",1990-10-24,1990-10-24,1993-04-27,1993-04-27,https://patents.google.com/patent/US5206829A/en,https://patentimages.storage.googleapis.com/52/15/e6/52b5861ed00fd5/US5206829-drawings-page-2.png
US-4813761-A,High efficiency spatial masks ,"Davis Jeffrey A, Bach Glenn W, Cottrell Don M, Lilly Roger A","Jeffrey A. Davis, Glenn W. Bach, Don M. Cottrell, Roger A. Lilly",1987-11-16,1987-11-16,1989-03-21,1989-03-21,https://patents.google.com/patent/US4813761A/en,https://patentimages.storage.googleapis.com/f0/ee/9f/29d07d25d0427c/US4813761-drawings-page-2.png
US-3814943-A,Method of and apparatus for analysing patterns and inspecting objects ,Sira Institute,"L Baker, P Archer, P West",1969-08-26,1973-06-12,1974-06-04,1974-06-04,https://patents.google.com/patent/US3814943A/en,https://patentimages.storage.googleapis.com/40/85/d8/ce81352609dc26/US3814943-drawings-page-2.png
US-4389092-A,High speed ambiguity function evaluation by optical processing utilizing a space variant linear phase shifter ,Honeywell Inc.,Poohsan N. Tamura,1980-07-29,1980-07-29,1983-06-21,1983-06-21,https://patents.google.com/patent/US4389092A/en,https://patentimages.storage.googleapis.com/10/8e/69/6467a97e798fc6/US4389092-drawings-page-2.png
US-5276636-A,Method and apparatus for adaptive real-time optical correlation using phase-only spatial light modulators and interferometric detection ,Cohn Robert W,Robert W. Cohn,1992-09-14,1992-09-14,1994-01-04,1994-01-04,https://patents.google.com/patent/US5276636A/en,https://patentimages.storage.googleapis.com/81/81/d0/16b6483337faa3/US5276636-drawings-page-3.png
US-4426134-A,Three and four product surface-wave acousto-optic time integrating correlators ,The United States Of America As Represented By The Secretary Of The Army,"Irwin J. Abramovitz, Norman J. Berg, Michael W. Casseday",1981-11-02,1981-11-02,1984-01-17,1984-01-17,https://patents.google.com/patent/US4426134A/en,https://patentimages.storage.googleapis.com/62/cc/16/5025b0b3591437/US4426134-drawings-page-2.png
